{"acc_train": 0.74507466, "train_loss": 0.22936212, "acc_val": 0.7455775, "val_loss": 0.22875669921875, "_timestamp": 1680628243.083959, "_runtime": 7798.652990102768, "_step": 74, "gradients/module.model.0.weight": {"_type": "histogram", "values": [1.0, 0.0, 1.0, 2.0, 0.0, 1.0, 4.0, 5.0, 5.0, 2.0, 4.0, 8.0, 7.0, 14.0, 11.0, 17.0, 13.0, 16.0, 14.0, 14.0, 26.0, 32.0, 54.0, 92.0, 140.0, 208.0, 401.0, 619.0, 1114.0, 371.0, 259.0, 153.0, 119.0, 84.0, 55.0, 38.0, 37.0, 26.0, 21.0, 20.0, 16.0, 16.0, 16.0, 5.0, 8.0, 6.0, 3.0, 4.0, 0.0, 1.0, 1.0, 1.0, 1.0, 1.0, 1.0, 1.0, 1.0, 0.0, 1.0, 1.0, 0.0, 0.0, 2.0, 2.0], "bins": [-0.009873605333268642, -0.009524348191916943, -0.009175091050565243, -0.008825833909213543, -0.008476576767861843, -0.008127319626510143, -0.007778062950819731, -0.007428805809468031, -0.007079548668116331, -0.006730291526764631, -0.0063810343854129314, -0.006031777709722519, -0.005682520568370819, -0.005333263427019119, -0.004984006285667419, -0.00463474914431572, -0.00428549200296402, -0.00393623486161232, -0.00358697772026062, -0.003237720811739564, -0.002888463670387864, -0.0025392065290361643, -0.002189949620515108, -0.0018406924791634083, -0.0014914353378117085, -0.0011421781964600086, -0.0007929211715236306, -0.0004436641465872526, -9.440700523555279e-05, 0.00025485013611614704, 0.0006041070446372032, 0.000953364185988903, 0.0013026222586631775, 0.0016518794000148773, 0.002001136541366577, 0.0023503934498876333, 0.002699650591239333, 0.003048907732591033, 0.003398164641112089, 0.003747421782463789, 0.004096678923815489, 0.004445936065167189, 0.0047951932065188885, 0.005144449882209301, 0.005493707023561001, 0.005842964164912701, 0.0061922213062644005, 0.0065414784476161, 0.0068907355889678, 0.0072399927303195, 0.0075892498716712, 0.0079385070130229, 0.0082877641543746, 0.0086370212957263, 0.008986277505755424, 0.009335534647107124, 0.009684791788458824, 0.010034048929810524, 0.010383306071162224, 0.010732563212513924, 0.011081820353865623, 0.011431077495217323, 0.011780334636569023, 0.012129591777920723, 0.012478848919272423]}, "gradients/module.model.2.weight": {"_type": "histogram", "values": [1.0, 0.0, 1.0, 2.0, 3.0, 0.0, 1.0, 5.0, 7.0, 3.0, 8.0, 9.0, 10.0, 12.0, 14.0, 14.0, 23.0, 29.0, 39.0, 67.0, 68.0, 95.0, 144.0, 182.0, 320.0, 371.0, 514.0, 673.0, 954.0, 1263.0, 1598.0, 2295.0, 3498.0, 5426.0, 6361.0, 13059.0, 10544.0, 6499.0, 4064.0, 2314.0, 1534.0, 1041.0, 762.0, 449.0, 358.0, 275.0, 169.0, 115.0, 92.0, 61.0, 43.0, 32.0, 22.0, 23.0, 17.0, 11.0, 12.0, 11.0, 8.0, 6.0, 4.0, 0.0, 0.0, 1.0], "bins": [-0.0039136153645813465, -0.003802567021921277, -0.0036915186792612076, -0.003580470336601138, -0.0034694219939410686, -0.003358373651280999, -0.0032473253086209297, -0.0031362769659608603, -0.003025228623300791, -0.0029141802806407213, -0.002803131937980652, -0.0026920835953205824, -0.002581035252660513, -0.0024699869100004435, -0.002358938567340374, -0.0022478902246803045, -0.002136841882020235, -0.0020257935393601656, -0.0019147451967000961, -0.0018036968540400267, -0.0016926485113799572, -0.0015816001687198877, -0.0014705518260598183, -0.0013595034833997488, -0.0012484551407396793, -0.0011374067980796099, -0.0010263584554195404, -0.0009153101127594709, -0.0008042617700994015, -0.000693213427439332, -0.0005821650847792625, -0.0004711167421191931, -0.0003600683994591236, -0.00024902005679905415, -0.00013797171413898468, -2.6923371478915215e-05, 8.412497118115425e-05, 0.00019517331384122372, 0.0003062216565012932, 0.00041726999916136265, 0.0005283183418214321, 0.0006393666844815016, 0.000750415027141571, 0.0008614633698016405, 0.00097251171246171, 0.0010835600551217794, 0.001194608397781849, 0.0013056567404419184, 0.0014167050831019878, 0.0015277534257620573, 0.0016388017684221268, 0.0017498501110821962, 0.0018608984537422657, 0.001971946796402335, 0.0020829951390624046, 0.002194043481722474, 0.0023050918243825436, 0.002416140167042613, 0.0025271885097026825, 0.002638236852362752, 0.0027492851950228214, 0.002860333537682891, 0.0029713818803429604, 0.00308243022300303, 0.0031934785656630993]}, "gradients/module.model.4.bias": {"_type": "histogram", "values": [1.0, 0.0, 0.0, 0.0, 0.0, 0.0, 0.0, 0.0, 0.0, 0.0, 0.0, 0.0, 0.0, 0.0, 0.0, 0.0, 0.0, 0.0, 0.0, 0.0, 0.0, 0.0, 0.0, 0.0, 0.0, 0.0, 0.0, 0.0, 0.0, 0.0, 0.0, 0.0, 0.0, 0.0, 0.0, 0.0, 0.0, 0.0, 0.0, 0.0, 0.0, 0.0, 0.0, 0.0, 0.0, 0.0, 0.0, 0.0, 0.0, 0.0, 0.0, 0.0, 0.0, 0.0, 0.0, 0.0, 0.0, 0.0, 0.0, 0.0, 0.0, 0.0, 0.0, 1.0], "bins": [0.0, 3.157255196128972e-05, 6.314510392257944e-05, 9.471765952184796e-05, 0.00012629020784515887, 0.0001578627561684698, 0.00018943531904369593, 0.00022100786736700684, 0.00025258041569031775, 0.0002841529785655439, 0.0003157255123369396, 0.0003472980752121657, 0.00037887063808739185, 0.00041044317185878754, 0.0004420157347340137, 0.0004735882976092398, 0.0005051608313806355, 0.0005367333651520312, 0.0005683059571310878, 0.0005998784909024835, 0.0006314510246738791, 0.0006630235584452748, 0.0006945961504243314, 0.0007261686841957271, 0.0007577412761747837, 0.0007893138099461794, 0.000820886401925236, 0.0008524589356966317, 0.0008840314694680274, 0.000915604061447084, 0.0009471765952184796, 0.0009787491289898753, 0.001010321662761271, 0.0010418941965326667, 0.0010734667303040624, 0.0011050393804907799, 0.0011366119142621756, 0.0011681844480335712, 0.001199756981804967, 0.0012313295155763626, 0.0012629020493477583, 0.001294474583119154, 0.0013260471168905497, 0.0013576196506619453, 0.0013891923008486629, 0.0014207648346200585, 0.0014523373683914542, 0.00148390990216285, 0.0015154825523495674, 0.001547055086120963, 0.0015786276198923588, 0.0016102001536637545, 0.001641772803850472, 0.0016733453376218677, 0.0017049178713932633, 0.001736490405164659, 0.0017680629389360547, 0.0017996354727074504, 0.001831208006478846, 0.0018627806566655636, 0.0018943531904369593, 0.001925925724208355, 0.0019574982579797506, 0.0019890707917511463, 0.002020643325522542]}, "gradients/module.model.4.weight": {"_type": "histogram", "values": [267.0, 16.0, 5.0, 2.0, 5.0, 6.0, 1.0, 6.0, 12.0, 20.0, 13.0, 15.0, 7.0, 21.0, 14.0, 9.0, 5.0, 3.0, 3.0, 5.0, 1.0, 1.0, 3.0, 1.0, 5.0, 3.0, 3.0, 3.0, 2.0, 2.0, 0.0, 0.0, 3.0, 4.0, 10.0, 5.0, 2.0, 2.0, 0.0, 2.0, 2.0, 0.0, 0.0, 0.0, 0.0, 2.0, 4.0, 0.0, 1.0, 0.0, 1.0, 0.0, 3.0, 0.0, 3.0, 1.0, 1.0, 0.0, 2.0, 1.0, 1.0, 0.0, 1.0, 2.0], "bins": [-0.00017238047439604998, 7.027207175269723e-06, 0.00018643488874658942, 0.0003658425994217396, 0.0005452502518892288, 0.0007246579043567181, 0.0009040656732395291, 0.0010834733257070184, 0.0012628809781745076, 0.0014422886306419969, 0.001621696399524808, 0.0018011040519922972, 0.0019805117044597864, 0.0021599193569272757, 0.0023393272422254086, 0.002518734894692898, 0.002698142547160387, 0.0028775501996278763, 0.0030569578520953655, 0.0032363655045628548, 0.003415773157030344, 0.0035951808094978333, 0.003774588694795966, 0.003953996114432812, 0.004133403766900301, 0.00431281141936779, 0.0044922190718352795, 0.004671626724302769, 0.004851034376770258, 0.005030442029237747, 0.005209850147366524, 0.005389257334172726, 0.005568665452301502, 0.0057480731047689915, 0.005927480757236481, 0.00610688840970397, 0.006286296062171459, 0.0064657037146389484, 0.006645111367106438, 0.006824519485235214, 0.007003926672041416, 0.007183334324508905, 0.007362741976976395, 0.007542149629443884, 0.007721557281911373, 0.00790096540004015, 0.008080372586846352, 0.008259780704975128, 0.008439188823103905, 0.008618596941232681, 0.008798004128038883, 0.00897741224616766, 0.009156819432973862, 0.009336227551102638, 0.00951563473790884, 0.009695042856037617, 0.009874450042843819, 0.010053858160972595, 0.010233265347778797, 0.010412673465907574, 0.010592080652713776, 0.010771488770842552, 0.010950895957648754, 0.01113030407577753, 0.011309711262583733]}, "gradients/module.model.0.bias": {"_type": "histogram",