{"gradients/module.model.0.weight": {"_type": "histogram", "values": [1.0, 0.0, 1.0, 1.0, 0.0, 0.0, 0.0, 0.0, 1.0, 2.0, 2.0, 2.0, 0.0, 2.0, 2.0, 4.0, 4.0, 3.0, 10.0, 10.0, 21.0, 16.0, 26.0, 42.0, 52.0, 94.0, 134.0, 206.0, 322.0, 619.0, 1009.0, 595.0, 334.0, 195.0, 130.0, 74.0, 41.0, 27.0, 18.0, 12.0, 20.0, 15.0, 12.0, 9.0, 3.0, 5.0, 4.0, 4.0, 2.0, 0.0, 0.0, 1.0, 5.0, 2.0, 1.0, 0.0, 0.0, 0.0, 0.0, 0.0, 0.0, 0.0, 0.0, 1.0], "bins": [-0.02674769051373005, -0.025870252400636673, -0.024992816150188446, -0.02411537803709507, -0.023237939924001694, -0.022360501810908318, -0.02148306369781494, -0.020605627447366714, -0.01972818933427334, -0.018850751221179962, -0.017973314970731735, -0.01709587685763836, -0.016218438744544983, -0.015341000631451607, -0.014463563449680805, -0.013586126267910004, -0.012708688154816628, -0.011831250041723251, -0.01095381285995245, -0.010076375678181648, -0.009198937565088272, -0.008321499451994896, -0.007444062270224094, -0.0065666246227920055, -0.005689186975359917, -0.004811749327927828, -0.003934311680495739, -0.00305687403306365, -0.0021794363856315613, -0.0013019987381994724, -0.0004245610907673836, 0.0004528765566647053, 0.0013303160667419434, 0.002207753714174032, 0.003085191361606121, 0.00396262900903821, 0.004840066656470299, 0.005717504303902388, 0.0065949419513344765, 0.007472379598766565, 0.008349817246198654, 0.00922725535929203, 0.010104692541062832, 0.010982129722833633, 0.01185956783592701, 0.012737005949020386, 0.013614443130791187, 0.014491880312561989, 0.015369318425655365, 0.01624675653874874, 0.017124194651842117, 0.018001630902290344, 0.01887906901538372, 0.019756507128477097, 0.020633943378925323, 0.0215113814920187, 0.022388819605112076, 0.023266257718205452, 0.024143695831298828, 0.025021132081747055, 0.02589857019484043, 0.026776008307933807, 0.027653444558382034, 0.02853088267147541, 0.029408320784568787]}, "_timestamp": 1680669402.9588144, "gradients/module.model.2.weight": {"_type": "histogram", "values": [2.0, 0.0, 0.0, 1.0, 0.0, 1.0, 0.0, 1.0, 2.0, 2.0, 3.0, 4.0, 5.0, 13.0, 13.0, 6.0, 15.0, 26.0, 33.0, 37.0, 57.0, 89.0, 122.0, 184.0, 216.0, 296.0, 457.0, 559.0, 668.0, 845.0, 1063.0, 1533.0, 2243.0, 2990.0, 3940.0, 6343.0, 12929.0, 10495.0, 6419.0, 4268.0, 3031.0, 2035.0, 1376.0, 823.0, 652.0, 435.0, 408.0, 325.0, 215.0, 116.0, 80.0, 51.0, 37.0, 24.0, 18.0, 8.0, 10.0, 3.0, 3.0, 2.0, 1.0, 1.0, 1.0, 1.0], "bins": [-0.011967116966843605, -0.011639967560768127, -0.01131281815469265, -0.010985668748617172, -0.010658519342541695, -0.010331369936466217, -0.01000422053039074, -0.009677071124315262, -0.009349921718239784, -0.009022772312164307, -0.008695622906088829, -0.008368473500013351, -0.008041324093937874, -0.007714174687862396, -0.007387024816125631, -0.007059875410050154, -0.006732725538313389, -0.006405576132237911, -0.006078426726162434, -0.005751277320086956, -0.005424127914011478, -0.005096978507936001, -0.004769828636199236, -0.004442679230123758, -0.004115529824048281, -0.003788380417972803, -0.0034612310118973255, -0.0031340813729912043, -0.0028069319669157267, -0.002479782560840249, -0.002152632921934128, -0.0018254835158586502, -0.0014983341097831726, -0.001171184703707695, -0.0008440351812168956, -0.0005168856587260962, -0.00018973625265061855, 0.00013741315342485905, 0.0004645627923309803, 0.0007917121984064579, 0.0011188616044819355, 0.001446011010557413, 0.0017731605330482125, 0.002100310055539012, 0.0024274594616144896, 0.002754608867689967, 0.0030817585065960884, 0.003408907912671566, 0.0037360573187470436, 0.004063206724822521, 0.004390356130897999, 0.004717505536973476, 0.005044654943048954, 0.005371804349124432, 0.0056989542208611965, 0.006026103626936674, 0.006353253033012152, 0.006680402439087629, 0.007007551845163107, 0.007334701716899872, 0.007661851122975349, 0.007989000529050827, 0.008316149935126305, 0.008643299341201782, 0.00897044874727726]}, "gradients/module.model.4.bias": {"_type": "histogram", "values": [1.0, 0.0, 0.0, 0.0, 0.0, 0.0, 0.0, 0.0, 0.0, 0.0, 0.0, 0.0, 0.0, 0.0, 0.0, 0.0, 0.0, 0.0, 0.0, 0.0, 0.0, 0.0, 0.0, 0.0, 0.0, 0.0, 0.0, 0.0, 0.0, 0.0, 0.0, 0.0, 0.0, 0.0, 0.0, 0.0, 0.0, 0.0, 0.0, 0.0, 0.0, 0.0, 0.0, 0.0, 0.0, 0.0, 0.0, 0.0, 0.0, 0.0, 0.0, 0.0, 0.0, 0.0, 0.0, 0.0, 0.0, 0.0, 0.0, 0.0, 0.0, 0.0, 0.0, 1.0], "bins": [-0.003420957364141941, -0.003314052475616336, -0.0032071475870907307, -0.0031002426985651255, -0.0029933378100395203, -0.0028864326886832714, -0.00277952803298831, -0.002672622911632061, -0.002565718023106456, -0.0024588131345808506, -0.0023519082460552454, -0.00224500335752964, -0.002138098469004035, -0.00203119358047843, -0.0019242885755375028, -0.0018173835705965757, -0.0017104787984862924, -0.0016035739099606872, -0.001496669021435082, -0.001389764016494155, -0.0012828591279685497, -0.0011759542394429445, -0.0010690493509173393, -0.0009621444041840732, -0.000855239515658468, -0.0007483346271328628, -0.0006414296803995967, -0.0005345247918739915, -0.00042761987424455583, -0.00032071495661512017, -0.00021381006808951497, -0.00010690512135624886, -2.3283064365386963e-10, 0.00010690467752283439, 0.00021380958787631243, 0.00032071449095383286, 0.0004276194085832685, 0.0005345243262127042, 0.0006414292147383094, 0.0007483341614715755, 0.0008552390499971807, 0.0009621439385227859, 0.001069048885256052, 0.0011759537737816572, 0.0012828586623072624, 0.0013897635508328676, 0.0014966684393584728, 0.0016035734442993999, 0.001710478332825005, 0.0018173832213506103, 0.0019242881098762155, 0.0020311931148171425, 0.0021380980033427477, 0.002245002891868353, 0.002351907780393958, 0.0024588126689195633, 0.0025657175574451685, 0.0026726224459707737, 0.002779527334496379, 0.002886432223021984, 0.0029933371115475893, 0.0031002420000731945, 0.0032071471214294434, 0.0033140520099550486, 0.0034209568984806538]}, "gradients/module.model.4.weight": {"_type": "histogram", "values": [1.0, 0.0, 0.0, 0.0, 1.0, 1.0, 4.0, 0.0, 1.0, 0.0, 1.0, 0.0, 1.0, 0.0, 1.0, 0.0, 0.0, 4.0, 2.0, 2.0, 6.0, 5.0, 19.0, 2.0, 6.0, 19.0, 18.0, 14.0, 34.0, 27.0, 25.0, 58.0, 66.0, 25.0, 27.0, 34.0, 14.0, 18.0, 19.0, 6.0, 2.0, 19.0, 5.0, 6.0, 2.0, 2.0, 4.0, 0.0, 0.0, 1.0, 0.0, 1.0, 0.0, 1.0, 0.0, 1.0, 0.0, 4.0, 1.0, 1.0, 0.0, 0.0, 0.0, 1.0], "bins": [-0.04301528260111809, -0.041671060025691986, -0.040326837450265884, -0.03898261487483978, -0.03763839229941368, -0.03629416972398758, -0.034949950873851776, -0.033605724573135376, -0.03226150572299957, -0.03091728314757347, -0.02957306057214737, -0.028228837996721268, -0.026884615421295166, -0.025540392845869064, -0.024196172133088112, -0.02285194955766201, -0.02150772511959076, -0.020163502544164658, -0.018819279968738556, -0.017475057393312454, -0.016130834817886353, -0.014786613173782825, -0.013442391529679298, -0.012098168954253197, -0.010753946378827095, -0.009409723803400993, -0.008065501227974892, -0.006721279583871365, -0.005377057008445263, -0.004032834433019161, -0.002688612788915634, -0.0013443902134895325, -1.6391277313232422e-07, 0.0013440584298223257, 0.0026882807724177837, 0.004032502882182598, 0.0053767254576087, 0.0067209480330348015, 0.008065169677138329, 0.00940939225256443, 0.010753614827990532, 0.012097837403416634, 0.013442059978842735, 0.014786281622946262, 0.01613050326704979, 0.01747472584247589, 0.018818948417901993, 0.020163170993328094, 0.021507393568754196, 0.022851616144180298, 0.0241958387196064, 0.0255400612950325, 0.026884283870458603, 0.028228506445884705, 0.029572727158665657, 0.03091694973409176, 0.03226117044687271, 0.03360539302229881, 0.034949615597724915, 0.036293838173151016, 0.03763806074857712, 0.03898228332400322, 0.04032650589942932, 0.041670724749565125, 0.043014951050281525]}, "gradients/module.model.0.bias": {"_type": "histogram",