{"gradients/module.model.0.weight": {"_type": "histogram", "values": [1.0, 0.0, 0.0, 0.0, 0.0, 0.0, 0.0, 0.0, 0.0, 0.0, 0.0, 1.0, 0.0, 0.0, 1.0, 0.0, 1.0, 1.0, 0.0, 1.0, 1.0, 0.0, 1.0, 0.0, 0.0, 1.0, 0.0, 1.0, 1.0, 1.0, 2.0, 3.0, 3.0, 1.0, 2.0, 10.0, 14.0, 7.0, 18.0, 50.0, 210.0, 3272.0, 370.0, 63.0, 26.0, 7.0, 2.0, 1.0, 3.0, 1.0, 2.0, 3.0, 2.0, 1.0, 3.0, 0.0, 1.0, 1.0, 1.0, 3.0, 0.0, 1.0, 0.0, 1.0], "bins": [-0.04976843297481537, -0.04857150837779045, -0.04737458378076553, -0.04617765545845032, -0.0449807308614254, -0.04378380626440048, -0.042586877942085266, -0.04138995334506035, -0.04019302874803543, -0.03899610415101051, -0.037799179553985596, -0.03660225123167038, -0.03540532663464546, -0.034208402037620544, -0.03301147371530533, -0.03181454911828041, -0.030617624521255493, -0.029420699924230576, -0.02822377346456051, -0.027026847004890442, -0.025829922407865524, -0.024632997810840607, -0.02343607135117054, -0.022239144891500473, -0.021042220294475555, -0.019845295697450638, -0.01864836923778057, -0.017451442778110504, -0.016254518181085587, -0.015057592652738094, -0.013860667124390602, -0.01266374159604311, -0.011466819792985916, -0.010269894264638424, -0.009072968736290932, -0.00787604320794344, -0.006679117679595947, -0.005482192151248455, -0.004285266622900963, -0.0030883410945534706, -0.0018914155662059784, -0.0006944900378584862, 0.000502435490489006, 0.0016993610188364983, 0.0028962865471839905, 0.004093212075531483, 0.005290137603878975, 0.006487063132226467, 0.007683988660573959, 0.008880914188921452, 0.010077839717268944, 0.011274765245616436, 0.012471690773963928, 0.01366861630231142, 0.014865541830658913, 0.01606246829032898, 0.017259392887353897, 0.018456317484378815, 0.01965324394404888, 0.02085017040371895, 0.022047095000743866, 0.023244019597768784, 0.02444094605743885, 0.025637872517108917, 0.026834797114133835]}, "_timestamp": 1680679839.7357502, "gradients/module.model.2.weight": {"_type": "histogram", "values": [1.0, 0.0, 1.0, 0.0, 1.0, 1.0, 0.0, 3.0, 1.0, 3.0, 2.0, 2.0, 3.0, 1.0, 1.0, 3.0, 3.0, 7.0, 7.0, 8.0, 19.0, 32.0, 25.0, 57.0, 66.0, 96.0, 141.0, 383.0, 2081.0, 61814.0, 441.0, 132.0, 49.0, 25.0, 26.0, 19.0, 15.0, 7.0, 14.0, 5.0, 3.0, 6.0, 3.0, 1.0, 5.0, 5.0, 3.0, 5.0, 1.0, 1.0, 1.0, 0.0, 1.0, 0.0, 0.0, 1.0, 0.0, 0.0, 1.0, 0.0, 1.0, 1.0, 0.0, 2.0], "bins": [-0.0032034958712756634, -0.003093570237979293, -0.0029836446046829224, -0.002873718971386552, -0.0027637933380901814, -0.002653867471963167, -0.0025439420714974403, -0.002434016205370426, -0.0023240905720740557, -0.002214164938777685, -0.0021042393054813147, -0.001994313672184944, -0.0018843879224732518, -0.0017744622891768813, -0.0016645366558805108, -0.0015546109061688185, -0.0014446853892877698, -0.0013347597559913993, -0.0012248341226950288, -0.0011149083729833364, -0.001004982739686966, -0.0008950571063905954, -0.0007851314730942249, -0.0006752057815901935, -0.000565280148293823, -0.00045535448589362204, -0.0003454288234934211, -0.00023550319019705057, -0.0001255775277968496, -1.5651865396648645e-05, 9.427376789972186e-05, 0.00020419945940375328, 0.0003141250927001238, 0.00042405075510032475, 0.0005339764175005257, 0.0006439020507968962, 0.0007538277423009276, 0.0008637533755972981, 0.0009736790088936687, 0.001083604758605361, 0.0011935303919017315, 0.001303456025198102, 0.0014133816584944725, 0.001523307291790843, 0.0016332330415025353, 0.0017431586747989058, 0.0018530843080952764, 0.0019630100578069687, 0.0020729354582726955, 0.002182861091569066, 0.0022927867248654366, 0.002402712358161807, 0.0025126379914581776, 0.0026225638575851917, 0.0027324892580509186, 0.0028424151241779327, 0.0029523407574743032, 0.0030622663907706738, 0.0031721920240670443, 0.0032821176573634148, 0.0033920432906597853, 0.0035019689239561558, 0.00361189479008317, 0.0037218204233795404, 0.003831746056675911]}, "gradients/module.model.4.bias": {"_type": "histogram", "values": [1.0, 0.0, 0.0, 0.0, 0.0, 0.0, 0.0, 0.0, 0.0, 0.0, 0.0, 0.0, 0.0, 0.0, 0.0, 0.0, 0.0, 0.0, 0.0, 0.0, 0.0, 0.0, 0.0, 0.0, 0.0, 0.0, 0.0, 0.0, 0.0, 0.0, 0.0, 0.0, 0.0, 0.0, 0.0, 0.0, 0.0, 0.0, 0.0, 0.0, 0.0, 0.0, 0.0, 0.0, 0.0, 0.0, 0.0, 0.0, 0.0, 0.0, 0.0, 0.0, 0.0, 0.0, 0.0, 0.0, 0.0, 0.0, 0.0, 0.0, 0.0, 0.0, 0.0, 1.0], "bins": [-0.0011567161418497562, -0.0011164272436872125, -0.0010761383455246687, -0.001035849447362125, -0.0009955605491995811, -0.0009552716510370374, -0.0009149827528744936, -0.0008746938547119498, -0.000834404956549406, -0.0007941160583868623, -0.0007538271602243185, -0.0007135382620617747, -0.000673249363899231, -0.0006329604657366872, -0.0005926715675741434, -0.0005523826694115996, -0.000512093713041395, -0.0004718048148788512, -0.0004315159167163074, -0.00039122701855376363, -0.00035093812039121985, -0.0003106492222286761, -0.00027036029496230185, -0.00023007139679975808, -0.0001897824986372143, -0.00014949360047467053, -0.00010920469503616914, -6.891578959766775e-05, -2.862689143512398e-05, 1.1662006727419794e-05, 5.1950919441878796e-05, 9.223981760442257e-05, 0.00013252871576696634, 0.00017281761392951012, 0.0002131065120920539, 0.00025339541025459766, 0.00029368430841714144, 0.0003339732065796852, 0.00037426213384605944, 0.0004145510320086032, 0.000454839930171147, 0.0004951288574375212, 0.000535417755600065, 0.0005757066537626088, 0.0006159955519251525, 0.0006562844500876963, 0.0006965733482502401, 0.0007368622464127839, 0.0007771511445753276, 0.0008174400427378714, 0.0008577289409004152, 0.000898017839062959, 0.0009383067372255027, 0.0009785956935957074, 0.0010188845917582512, 0.001059173489920795, 0.0010994623880833387, 0.0011397512862458825, 0.0011800401844084263, 0.00122032908257097, 0.0012606179807335138, 0.0013009068788960576, 0.0013411957770586014, 0.0013814846752211452, 0.001421773573383689]}, "gradients/module.model.4.weight": {"_type": "histogram", "values": [1.0, 0.0, 0.0, 0.0, 0.0, 0.0, 0.0, 0.0, 0.0, 0.0, 0.0, 0.0, 0.0, 2.0, 0.0, 2.0, 0.0, 0.0, 1.0, 2.0, 1.0, 6.0, 6.0, 15.0, 29.0, 408.0, 19.0, 7.0, 5.0, 3.0, 2.0, 0.0, 1.0, 0.0, 0.0, 0.0, 0.0, 0.0, 0.0, 0.0, 0.0, 0.0, 0.0, 0.0, 1.0, 0.0, 0.0, 0.0, 0.0, 0.0, 0.0, 0.0, 0.0, 0.0, 0.0, 0.0, 0.0, 0.0, 0.0, 0.0, 0.0, 0.0, 0.0, 1.0], "bins": [-0.03837749734520912, -0.03686137497425079, -0.035345252603292465, -0.03382913023233414, -0.03231300413608551, -0.030796881765127182, -0.029280759394168854, -0.027764637023210526, -0.026248512789607048, -0.02473239041864872, -0.023216266185045242, -0.021700143814086914, -0.020184021443128586, -0.01866789720952511, -0.01715177483856678, -0.015635650604963303, -0.014119528234004974, -0.012603404931724072, -0.011087281629443169, -0.00957115925848484, -0.008055035956203938, -0.006538912653923035, -0.005022790282964706, -0.0035066669806838036, -0.0019905436784029007, -0.0004744206089526415, 0.0010417024604976177, 0.0025578252971172333, 0.004073948599398136, 0.005590071901679039, 0.007106194272637367, 0.00862231757491827, 0.010138440877199173, 0.011654564179480076, 0.013170687481760979, 0.014686809852719307, 0.016202934086322784, 0.017719056457281113, 0.01923517882823944, 0.02075130119919777, 0.022267425432801247, 0.023783547803759575, 0.025299672037363052, 0.02681579440832138, 0.02833191677927971, 0.029848041012883186, 0.031364165246486664, 0.03288028761744499, 0.03439640998840332, 0.03591253235936165, 0.03742865473031998, 0.038944780826568604, 0.04046090319752693, 0.04197702556848526, 0.04349314793944359, 0.045009270310401917, 0.04652539640665054, 0.04804151877760887, 0.0495576411485672, 0.051073767244815826, 0.052589889615774155, 0.05410601198673248, 0.05562213435769081, 0.05713825672864914, 0.05865437909960747]}, "gradients/module.model.0.bias": {"_type": "histogram", "values": [1.0, 0.0, 0.0, 0.0, 0.0, 0.0, 0.0, 0.0, 0.0, 0.0, 0.0, 0.0, 0.0, 0.0, 0.0, 0.0, 0.0, 0.0, 0.0, 0.0, 0.0, 0.0, 0.0, 0.0, 0.0, 0.0, 0.0, 0.0, 1.0, 1.0, 1.0, 0.0, 0.0, 0.0, 0.0, 1.0, 2.0, 9.0, 17.0, 173.0, 30.0, 13.0, 2.0, 1.0, 1.0, 1.0, 0.0, 0.0, 0.0, 0.0, 0.0, 0.0, 0.0, 0.0, 1.0, 0.0, 0.0, 0.0, 0.0, 0.0, 0.0, 0.0, 0.0, 1.0],