{"loss_train": 0.005107301491376706, "loss_val": 0.0049714683774313454, "_timestamp": 1680874693.3188279, "_runtime": 4779.559563875198, "_step": 99, "gradients/model.6.bias": {"_type": "histogram", "values": [1.0, 0.0, 0.0, 0.0, 0.0, 0.0, 0.0, 0.0, 0.0, 1.0, 0.0, 0.0, 0.0, 0.0, 0.0, 1.0, 0.0, 0.0, 2.0, 0.0, 1.0, 1.0, 0.0, 0.0, 1.0, 0.0, 1.0, 1.0, 0.0, 0.0, 1.0, 0.0, 0.0, 0.0, 0.0, 1.0, 1.0, 0.0, 0.0, 1.0, 0.0, 0.0, 0.0, 0.0, 0.0, 1.0, 0.0, 0.0, 0.0, 0.0, 0.0, 0.0, 0.0, 0.0, 0.0, 0.0, 0.0, 0.0, 0.0, 0.0, 0.0, 0.0, 0.0, 1.0], "bins": [-0.0002071634226012975, -0.0002003639965550974, -0.0001935645705088973, -0.00018676515901461244, -0.00017996573296841234, -0.00017316630692221224, -0.00016636689542792737, -0.00015956746938172728, -0.00015276804333552718, -0.00014596861728932709, -0.000139169191243127, -0.00013236977974884212, -0.00012557035370264202, -0.00011877092765644193, -0.00011197150888619944, -0.00010517209011595696, -9.837266406975687e-05, -9.157323802355677e-05, -8.477381925331429e-05, -7.79744004830718e-05, -7.117497443687171e-05, -6.437554839067161e-05, -5.757612962042913e-05, -5.077670721220784e-05, -4.397728480398655e-05, -3.717786239576526e-05, -3.037843998754397e-05, -2.357901757932268e-05, -1.677959517110139e-05, -9.980172762880102e-06, -3.1807503546588123e-06, 3.6186720535624772e-06, 1.0418094461783767e-05, 1.7217516870005056e-05, 2.4016939278226346e-05, 3.0816361686447635e-05, 3.7615784094668925e-05, 4.4415206502890214e-05, 5.1214628911111504e-05, 5.801405131933279e-05, 6.481347372755408e-05, 7.161289977375418e-05, 7.841231854399666e-05, 8.521173731423914e-05, 9.201116336043924e-05, 9.881058940663934e-05, 0.00010561000817688182, 0.0001124094269471243, 0.0001192088529933244, 0.0001260082790395245, 0.0001328077050857246, 0.00013960711658000946, 0.00014640654262620956, 0.00015320596867240965, 0.00016000538016669452, 0.00016680480621289462, 0.00017360423225909472, 0.0001804036583052948, 0.0001872030843514949, 0.00019400249584577978, 0.00020080192189197987, 0.00020760134793817997, 0.00021440075943246484, 0.00022120018547866493, 0.00022799961152486503]}, "gradients/model.6.weight": {"_type": "histogram", "values": [2.0, 0.0, 1.0, 0.0, 0.0, 0.0, 1.0, 3.0, 5.0, 4.0, 2.0, 5.0, 5.0, 5.0, 12.0, 8.0, 13.0, 6.0, 9.0, 14.0, 17.0, 7.0, 24.0, 22.0, 37.0, 35.0, 72.0, 94.0, 75.0, 113.0, 105.0, 142.0, 213.0, 189.0, 146.0, 101.0, 105.0, 84.0, 69.0, 58.0, 37.0, 33.0, 38.0, 27.0, 12.0, 15.0, 19.0, 8.0, 4.0, 7.0, 6.0, 4.0, 2.0, 9.0, 5.0, 8.0, 4.0, 1.0, 2.0, 1.0, 0.0, 0.0, 1.0, 2.0], "bins": [-0.0003550162655301392, -0.00034431053791195154, -0.0003336048102937639, -0.0003228990826755762, -0.00031219335505738854, -0.0003014876274392009, -0.0002907818998210132, -0.00028007617220282555, -0.0002693704445846379, -0.00025866474607028067, -0.000247959018452093, -0.0002372532762819901, -0.00022654756321571767, -0.00021584183559753, -0.00020513610797934234, -0.00019443038036115468, -0.000183724652742967, -0.00017301892512477934, -0.00016231319750659168, -0.000151607469888404, -0.00014090174227021635, -0.0001301960292039439, -0.00011949030158575624, -0.00010878457396756858, -9.807884634938091e-05, -8.737311873119324e-05, -7.666739111300558e-05, -6.596167077077553e-05, -5.525594315258786e-05, -4.4550215534400195e-05, -3.3844491554191336e-05, -2.3138765754993074e-05, -1.2433039955794811e-05, -1.7273141565965489e-06, 8.978411642601714e-06, 1.9684137441799976e-05, 3.038986324099824e-05, 4.1095590859185904e-05, 5.180131483939476e-05, 6.250703881960362e-05, 7.321276643779129e-05, 8.391849405597895e-05, 9.462422167416662e-05, 0.00010532994201639667, 0.00011603566963458434, 0.0001267413899768144, 0.00013744711759500206, 0.00014815284521318972, 0.0001588585728313774, 0.00016956430044956505, 0.00018027002806775272, 0.00019097575568594038, 0.00020168148330412805, 0.0002123871963704005, 0.00022309292398858815, 0.00023379865160677582, 0.00024450436467304826, 0.0002552100922912359, 0.0002659158199094236, 0.00027662154752761126, 0.0002873272751457989, 0.0002980330027639866, 0.00030873873038217425, 0.0003194444580003619, 0.0003301501856185496]}, "gradients/model.4.bias": {"_type": "histogram", "values": [1.0, 0.0, 2.0, 0.0, 3.0, 0.0, 1.0, 1.0, 0.0, 1.0, 1.0, 2.0, 3.0, 4.0, 2.0, 6.0, 6.0, 3.0, 6.0, 3.0, 2.0, 5.0, 8.0, 8.0, 5.0, 6.0, 4.0, 4.0, 2.0, 6.0, 7.0, 3.0, 2.0, 1.0, 1.0, 0.0, 0.0, 2.0, 3.0, 4.0, 2.0, 1.0, 0.0, 0.0, 0.0, 1.0, 1.0, 0.0, 1.0, 0.0, 0.0, 1.0, 0.0, 1.0, 0.0, 0.0, 0.0, 0.0, 0.0, 0.0, 0.0, 0.0, 0.0, 2.0], "bins": [-3.6933153751306236e-05, -3.537657539709471e-05, -3.381999704288319e-05, -3.226342232665047e-05, -3.0706843972438946e-05, -2.9150265618227422e-05, -2.75936890830053e-05, -2.603711254778318e-05, -2.4480534193571657e-05, -2.2923955839360133e-05, -2.1367379304138012e-05, -1.981080276891589e-05, -1.8254224414704368e-05, -1.6697646060492843e-05, -1.5141069525270723e-05, -1.35844920805539e-05, -1.2027914635837078e-05, -1.0471337191120256e-05, -8.914759746403433e-06, -7.358182301686611e-06, -5.801604856969789e-06, -4.245027412252966e-06, -2.688449967536144e-06, -1.1318725228193216e-06, 4.2470492189750075e-07, 1.981282366614323e-06, 3.5378598113311455e-06, 5.094437256047968e-06, 6.65101470076479e-06, 8.207592145481613e-06, 9.764169590198435e-06, 1.1320747034915257e-05, 1.287732447963208e-05, 1.4433901924348902e-05, 1.5990479369065724e-05, 1.7547055904287845e-05, 1.910363425849937e-05, 2.0660212612710893e-05, 2.2216789147933014e-05, 2.3773365683155134e-05, 2.532994403736666e-05, 2.6886522391578183e-05, 2.8443098926800303e-05, 2.9999675462022424e-05, 3.155625381623395e-05, 3.311283217044547e-05, 3.466940688667819e-05, 3.622598524088971e-05, 3.778256359510124e-05, 3.933914194931276e-05, 4.0895720303524286e-05, 4.2452295019757e-05, 4.400887337396853e-05, 4.556545172818005e-05, 4.712202644441277e-05, 4.867860479862429e-05, 5.0235183152835816e-05, 5.179176150704734e-05, 5.3348339861258864e-05, 5.490491457749158e-05, 5.6461492931703106e-05, 5.801807128591463e-05, 5.957464600214735e-05, 6.113122799433768e-05, 6.26878027105704e-05]}, "gradients/model.4.weight": {"_type": "histogram", "values": [1.0, 0.0, 1.0, 3.0, 8.0, 3.0, 5.0, 5.0, 12.0, 10.0, 14.0, 19.0, 26.0, 37.0, 54.0, 66.0, 104.0, 115.0, 125.0, 178.0, 238.0, 287.0, 368.0, 499.0, 665.0, 894.0, 1158.0, 1503.0, 1978.0, 2672.0, 3766.0, 4504.0, 3375.0, 2384.0, 1814.0, 1365.0, 1030.0, 803.0, 629.0, 454.0, 365.0, 281.0, 218.0, 165.0, 120.0, 97.0, 75.0, 61.0, 41.0, 36.0, 29.0, 20.0, 16.0, 18.0, 14.0, 9.0, 5.0, 9.0, 4.0, 4.0, 4.0, 2.0, 1.0, 2.0],